"film_id","film_title","language_name"
133,"Chamber Italian","English             "
384,"Grosse Wonderful","English             "
8,"Airport Pollock","English             "
98,"Bright Encounters","English             "
1,"Academy Dinosaur","English             "
2,"Ace Goldfinger","English             "
3,"Adaptation Holes","English             "
4,"Affair Prejudice","English             "
5,"African Egg","English             "
6,"Agent Truman","English             "
7,"Airplane Sierra","English             "
9,"Alabama Devil","English             "
10,"Aladdin Calendar","English             "
11,"Alamo Videotape","English             "
12,"Alaska Phantom","English             "
213,"Date Speed","English             "
13,"Ali Forever","English             "
14,"Alice Fantasia","English             "
15,"Alien Center","English             "
16,"Alley Evolution","English             "
17,"Alone Trip","English             "
18,"Alter Victory","English             "
19,"Amadeus Holy","English             "
20,"Amelie Hellfighters","English             "
21,"American Circus","English             "
22,"Amistad Midsummer","English             "
23,"Anaconda Confessions","English             "
24,"Analyze Hoosiers","English             "
25,"Angels Life","English             "
26,"Annie Identity","English             "
27,"Anonymous Human","English             "
28,"Anthem Luke","English             "
29,"Antitrust Tomatoes","English             "
30,"Anything Savannah","English             "
31,"Apache Divine","English             "
32,"Apocalypse Flamingos","English             "
33,"Apollo Teen","English             "
34,"Arabia Dogma","English             "
35,"Arachnophobia Rollercoaster","English             "
36,"Argonauts Town","English             "
37,"Arizona Bang","English             "
38,"Ark Ridgemont","English             "
39,"Armageddon Lost","English             "
40,"Army Flintstones","English             "
41,"Arsenic Independence","English             "
42,"Artist Coldblooded","English             "
265,"Dying Maker","English             "
43,"Atlantis Cause","English             "
44,"Attacks Hate","English             "
45,"Attraction Newton","English             "
46,"Autumn Crow","English             "
47,"Baby Hall","English             "
48,"Backlash Undefeated","English             "
49,"Badman Dawn","English             "
50,"Baked Cleopatra","English             "
126,"Casualties Encino","English             "
51,"Balloon Homeward","English             "
52,"Ballroom Mockingbird","English             "
53,"Bang Kwai","English             "
54,"Banger Pinocchio","English             "
55,"Barbarella Streetcar","English             "
56,"Barefoot Manchurian","English             "
57,"Basic Easy","English             "
58,"Beach Heartbreakers","English             "
59,"Bear Graceland","English             "
60,"Beast Hunchback","English             "
61,"Beauty Grease","English             "
62,"Bed Highball","English             "
63,"Bedazzled Married","English             "
64,"Beethoven Exorcist","English             "
65,"Behavior Runaway","English             "
66,"Beneath Rush","English             "
67,"Berets Agent","English             "
68,"Betrayed Rear","English             "
69,"Beverly Outlaw","English             "
70,"Bikini Borrowers","English             "
71,"Bilko Anonymous","English             "
72,"Bill Others","English             "
73,"Bingo Talented","English             "
74,"Birch Antitrust","English             "
75,"Bird Independence","English             "
76,"Birdcage Casper","English             "
77,"Birds Perdition","English             "
78,"Blackout Private","English             "
79,"Blade Polish","English             "
80,"Blanket Beverly","English             "
81,"Blindness Gun","English             "
82,"Blood Argonauts","English             "
83,"Blues Instinct","English             "
84,"Boiled Dares","English             "
85,"Bonnie Holocaust","English             "
86,"Boogie Amelie","English             "
87,"Boondock Ballroom","English             "
88,"Born Spinal","English             "
89,"Borrowers Bedazzled","English             "
90,"Boulevard Mob","English             "
91,"Bound Cheaper","English             "
92,"Bowfinger Gables","English             "
93,"Brannigan Sunrise","English             "
94,"Braveheart Human","English             "
95,"Breakfast Goldfinger","English             "
96,"Breaking Home","English             "
97,"Bride Intrigue","English             "
99,"Bringing Hysterical","English             "
100,"Brooklyn Desert","English             "
101,"Brotherhood Blanket","English             "
102,"Bubble Grosse","English             "
103,"Bucket Brotherhood","English             "
104,"Bugsy Song","English             "
105,"Bull Shawshank","English             "
106,"Bulworth Commandments","English             "
107,"Bunch Minds","English             "
108,"Butch Panther","English             "
109,"Butterfly Chocolat","English             "
110,"Cabin Flash","English             "
111,"Caddyshack Jedi","English             "
112,"Calendar Gunfight","English             "
113,"California Birds","English             "
114,"Camelot Vacation","English             "
115,"Campus Remember","English             "
116,"Candidate Perdition","English             "
117,"Candles Grapes","English             "
118,"Canyon Stock","English             "
119,"Caper Motions","English             "
120,"Caribbean Liberty","English             "
121,"Carol Texas","English             "
122,"Carrie Bunch","English             "
123,"Casablanca Super","English             "
124,"Casper Dragonfly","English             "
125,"Cassidy Wyoming","English             "
127,"Cat Coneheads","English             "
128,"Catch Amistad","English             "
129,"Cause Date","English             "
130,"Celebrity Horn","English             "
131,"Center Dinosaur","English             "
132,"Chainsaw Uptown","English             "
134,"Champion Flatliners","English             "
135,"Chance Resurrection","English             "
154,"Clash Freddy","English             "
136,"Chaplin License","English             "
137,"Charade Duffel","English             "
138,"Chariots Conspiracy","English             "
139,"Chasing Fight","English             "
140,"Cheaper Clyde","English             "
141,"Chicago North","English             "
142,"Chicken Hellfighters","English             "
143,"Chill Luck","English             "
144,"Chinatown Gladiator","English             "
145,"Chisum Behavior","English             "
146,"Chitty Lock","English             "
147,"Chocolat Harry","English             "
148,"Chocolate Duck","English             "
149,"Christmas Moonshine","English             "
150,"Cider Desire","English             "
151,"Cincinatti Whisperer","English             "
152,"Circus Youth","English             "
153,"Citizen Shrek","English             "
155,"Cleopatra Devil","English             "
156,"Clerks Angels","English             "
157,"Clockwork Paradise","English             "
158,"Clones Pinocchio","English             "
159,"Closer Bang","English             "
160,"Club Graffiti","English             "
161,"Clue Grail","English             "
162,"Clueless Bucket","English             "
163,"Clyde Theory","English             "
164,"Coast Rainbow","English             "
184,"Core Suit","English             "
165,"Coldblooded Darling","English             "
166,"Color Philadelphia","English             "
167,"Coma Head","English             "
168,"Comancheros Enemy","English             "
169,"Comforts Rush","English             "
170,"Command Darling","English             "
171,"Commandments Express","English             "
172,"Coneheads Smoochy","English             "
173,"Confessions Maguire","English             "
174,"Confidential Interview","English             "
175,"Confused Candles","English             "
176,"Congeniality Quest","English             "
177,"Connecticut Tramp","English             "
178,"Connection Microcosmos","English             "
179,"Conquerer Nuts","English             "
180,"Conspiracy Spirit","English             "
181,"Contact Anonymous","English             "
182,"Control Anthem","English             "
183,"Conversation Downhill","English             "
185,"Cowboy Doom","English             "
186,"Craft Outfield","English             "
187,"Cranes Reservoir","English             "
188,"Crazy Home","English             "
189,"Creatures Shakespeare","English             "
190,"Creepers Kane","English             "
191,"Crooked Frogmen","English             "
192,"Crossing Divorce","English             "
193,"Crossroads Casualties","English             "
194,"Crow Grease","English             "
195,"Crowds Telemark","English             "
196,"Cruelty Unforgiven","English             "
197,"Crusade Honey","English             "
198,"Crystal Breaking","English             "
199,"Cupboard Sinners","English             "
200,"Curtain Videotape","English             "
201,"Cyclone Family","English             "
202,"Daddy Pittsburgh","English             "
203,"Daisy Menagerie","English             "
204,"Dalmations Sweden","English             "
205,"Dances None","English             "
206,"Dancing Fever","English             "
207,"Dangerous Uptown","English             "
208,"Dares Pluto","English             "
209,"Darkness War","English             "
210,"Darko Dorado","English             "
211,"Darling Breaking","English             "
212,"Darn Forrester","English             "
214,"Daughter Madigan","English             "
215,"Dawn Pond","English             "
216,"Day Unfaithful","English             "
217,"Dazed Punk","English             "
218,"Deceiver Betrayed","English             "
219,"Deep Crusade","English             "
220,"Deer Virginian","English             "
221,"Deliverance Mulholland","English             "
222,"Desert Poseidon","English             "
223,"Desire Alien","English             "
224,"Desperate Trainspotting","English             "
225,"Destination Jerk","English             "
226,"Destiny Saturday","English             "
227,"Details Packer","English             "
228,"Detective Vision","English             "
229,"Devil Desire","English             "
230,"Diary Panic","English             "
231,"Dinosaur Secretary","English             "
232,"Dirty Ace","English             "
233,"Disciple Mother","English             "
234,"Disturbing Scarface","English             "
235,"Divide Monster","English             "
236,"Divine Resurrection","English             "
237,"Divorce Shining","English             "
238,"Doctor Grail","English             "
239,"Dogma Family","English             "
240,"Dolls Rage","English             "
241,"Donnie Alley","English             "
242,"Doom Dancing","English             "
243,"Doors President","English             "
244,"Dorado Notting","English             "
245,"Double Wrath","English             "
246,"Doubtfire Labyrinth","English             "
247,"Downhill Enough","English             "
248,"Dozen Lion","English             "
249,"Dracula Crystal","English             "
250,"Dragon Squad","English             "
251,"Dragonfly Strangers","English             "
252,"Dream Pickup","English             "
253,"Drifter Commandments","English             "
254,"Driver Annie","English             "
255,"Driving Polish","English             "
256,"Drop Waterfront","English             "
257,"Drumline Cyclone","English             "
258,"Drums Dynamite","English             "
259,"Duck Racer","English             "
260,"Dude Blindness","English             "
261,"Duffel Apocalypse","English             "
262,"Dumbo Lust","English             "
263,"Durham Panky","English             "
264,"Dwarfs Alter","English             "
266,"Dynamite Tarzan","English             "
267,"Eagles Panky","English             "
268,"Early Home","English             "
269,"Earring Instinct","English             "
270,"Earth Vision","English             "
271,"Easy Gladiator","English             "
272,"Edge Kissing","English             "
273,"Effect Gladiator","English             "
274,"Egg Igby","English             "
275,"Egypt Tenenbaums","English             "
276,"Element Freddy","English             "
277,"Elephant Trojan","English             "
278,"Elf Murder","English             "
279,"Elizabeth Shane","English             "
280,"Empire Malkovich","English             "
281,"Encino Elf","English             "
282,"Encounters Curtain","English             "
283,"Ending Crowds","English             "
284,"Enemy Odds","English             "
285,"English Bulworth","English             "
286,"Enough Raging","English             "
287,"Entrapment Satisfaction","English             "
288,"Escape Metropolis","English             "
289,"Eve Resurrection","English             "
290,"Everyone Craft","English             "
291,"Evolution Alter","English             "
292,"Excitement Eve","English             "
293,"Exorcist Sting","English             "
294,"Expecations Natural","English             "
295,"Expendable Stallion","English             "
296,"Express Lonely","English             "
297,"Extraordinary Conquerer","English             "
298,"Eyes Driving","English             "
299,"Factory Dragon","English             "
300,"Falcon Volume","English             "
301,"Family Sweet","English             "
302,"Fantasia Park","English             "
303,"Fantasy Troopers","English             "
304,"Fargo Gandhi","English             "
305,"Fatal Haunted","English             "
306,"Feathers Metal","English             "
307,"Fellowship Autumn","English             "
308,"Ferris Mother","English             "
309,"Feud Frogmen","English             "
310,"Fever Empire","English             "
311,"Fiction Christmas","English             "
312,"Fiddler Lost","English             "
313,"Fidelity Devil","English             "
314,"Fight Jawbreaker","English             "
315,"Finding Anaconda","English             "
316,"Fire Wolves","English             "
317,"Fireball Philadelphia","English             "
318,"Firehouse Vietnam","English             "
319,"Fish Opus","English             "
320,"Flamingos Connecticut","English             "
321,"Flash Wars","English             "
322,"Flatliners Killer","English             "
323,"Flight Lies","English             "
324,"Flintstones Happiness","English             "
325,"Floats Garden","English             "
326,"Flying Hook","English             "
327,"Fool Mockingbird","English             "
328,"Forever Candidate","English             "
329,"Forrest Sons","English             "
330,"Forrester Comancheros","English             "
331,"Forward Temple","English             "
332,"Frankenstein Stranger","English             "
333,"Freaky Pocus","English             "
334,"Freddy Storm","English             "
335,"Freedom Cleopatra","English             "
336,"French Holiday","English             "
337,"Frida Slipper","English             "
338,"Frisco Forrest","English             "
339,"Frogmen Breaking","English             "
340,"Frontier Cabin","English             "
341,"Frost Head","English             "
342,"Fugitive Maguire","English             "
343,"Full Flatliners","English             "
344,"Fury Murder","English             "
345,"Gables Metropolis","English             "
346,"Galaxy Sweethearts","English             "
347,"Games Bowfinger","English             "
348,"Gandhi Kwai","English             "
349,"Gangs Pride","English             "
350,"Garden Island","English             "
351,"Gaslight Crusade","English             "
352,"Gathering Calendar","English             "
353,"Gentlemen Stage","English             "
354,"Ghost Groundhog","English             "
355,"Ghostbusters Elf","English             "
356,"Giant Troopers","English             "
357,"Gilbert Pelican","English             "
358,"Gilmore Boiled","English             "
359,"Gladiator Westward","English             "
360,"Glass Dying","English             "
361,"Gleaming Jawbreaker","English             "
362,"Glory Tracy","English             "
363,"Go Purple","English             "
364,"Godfather Diary","English             "
365,"Gold River","English             "
366,"Goldfinger Sensibility","English             "
367,"Goldmine Tycoon","English             "
368,"Gone Trouble","English             "
369,"Goodfellas Salute","English             "
370,"Gorgeous Bingo","English             "
371,"Gosford Donnie","English             "
372,"Graceland Dynamite","English             "
373,"Graduate Lord","English             "
374,"Graffiti Love","English             "
375,"Grail Frankenstein","English             "
376,"Grapes Fury","English             "
377,"Grease Youth","English             "
378,"Greatest North","English             "
379,"Greedy Roots","English             "
380,"Greek Everyone","English             "
381,"Grinch Massage","English             "
382,"Grit Clockwork","English             "
383,"Groove Fiction","English             "
385,"Groundhog Uncut","English             "
386,"Gump Date","English             "
387,"Gun Bonnie","English             "
388,"Gunfight Moon","English             "
389,"Gunfighter Mussolini","English             "
390,"Guys Falcon","English             "
391,"Half Outfield","English             "
392,"Hall Cassidy","English             "
393,"Halloween Nuts","English             "
394,"Hamlet Wisdom","English             "
449,"Identity Lover","English             "
395,"Handicap Boondock","English             "
396,"Hanging Deep","English             "
397,"Hanky October","English             "
398,"Hanover Galaxy","English             "
399,"Happiness United","English             "
400,"Hardly Robbers","English             "
401,"Harold French","English             "
402,"Harper Dying","English             "
403,"Harry Idaho","English             "
404,"Hate Handicap","English             "
405,"Haunted Antitrust","English             "
406,"Haunting Pianist","English             "
407,"Hawk Chill","English             "
408,"Head Stranger","English             "
409,"Heartbreakers Bright","English             "
410,"Heaven Freedom","English             "
411,"Heavenly Gun","English             "
412,"Heavyweights Beast","English             "
413,"Hedwig Alter","English             "
414,"Hellfighters Sierra","English             "
415,"High Encino","English             "
416,"Highball Potter","English             "
417,"Hills Neighbors","English             "
418,"Hobbit Alien","English             "
419,"Hocus Frida","English             "
420,"Holes Brannigan","English             "
421,"Holiday Games","English             "
422,"Hollow Jeopardy","English             "
423,"Hollywood Anonymous","English             "
424,"Holocaust Highball","English             "
425,"Holy Tadpole","English             "
426,"Home Pity","English             "
427,"Homeward Cider","English             "
428,"Homicide Peach","English             "
429,"Honey Ties","English             "
430,"Hook Chariots","English             "
450,"Idols Snatchers","English             "
431,"Hoosiers Birdcage","English             "
432,"Hope Tootsie","English             "
433,"Horn Working","English             "
434,"Horror Reign","English             "
435,"Hotel Happiness","English             "
436,"Hours Rage","English             "
437,"House Dynamite","English             "
438,"Human Graffiti","English             "
439,"Hunchback Impossible","English             "
440,"Hunger Roof","English             "
441,"Hunter Alter","English             "
442,"Hunting Musketeers","English             "
443,"Hurricane Affair","English             "
444,"Hustler Party","English             "
445,"Hyde Doctor","English             "
446,"Hysterical Grail","English             "
447,"Ice Crossing","English             "
448,"Idaho Love","English             "
451,"Igby Maker","English             "
452,"Illusion Amelie","English             "
453,"Image Princess","English             "
454,"Impact Aladdin","English             "
455,"Impossible Prejudice","English             "
456,"Inch Jet","English             "
457,"Independence Hotel","English             "
458,"Indian Love","English             "
459,"Informer Double","English             "
460,"Innocent Usual","English             "
461,"Insects Stone","English             "
462,"Insider Arizona","English             "
463,"Instinct Airport","English             "
464,"Intentions Empire","English             "
465,"Interview Liaisons","English             "
466,"Intolerable Intentions","English             "
467,"Intrigue Worst","English             "
468,"Invasion Cyclone","English             "
469,"Iron Moon","English             "
470,"Ishtar Rocketeer","English             "
471,"Island Exorcist","English             "
472,"Italian African","English             "
473,"Jacket Frisco","English             "
474,"Jade Bunch","English             "
475,"Japanese Run","English             "
476,"Jason Trap","English             "
477,"Jawbreaker Brooklyn","English             "
478,"Jaws Harry","English             "
479,"Jedi Beneath","English             "
480,"Jeepers Wedding","English             "
481,"Jekyll Frogmen","English             "
482,"Jeopardy Encino","English             "
483,"Jericho Mulan","English             "
484,"Jerk Paycheck","English             "
485,"Jersey Sassy","English             "
486,"Jet Neighbors","English             "
487,"Jingle Sagebrush","English             "
488,"Joon Northwest","English             "
489,"Juggler Hardly","English             "
490,"Jumanji Blade","English             "
491,"Jumping Wrath","English             "
492,"Jungle Closer","English             "
493,"Kane Exorcist","English             "
494,"Karate Moon","English             "
495,"Kentuckian Giant","English             "
496,"Kick Savannah","English             "
497,"Kill Brotherhood","English             "
498,"Killer Innocent","English             "
499,"King Evolution","English             "
500,"Kiss Glory","English             "
501,"Kissing Dolls","English             "
502,"Knock Warlock","English             "
503,"Kramer Chocolate","English             "
504,"Kwai Homeward","English             "
505,"Labyrinth League","English             "
753,"Rush Goodfellas","English             "
506,"Lady Stage","English             "
507,"Ladybugs Armageddon","English             "
508,"Lambs Cincinatti","English             "
509,"Language Cowboy","English             "
510,"Lawless Vision","English             "
511,"Lawrence Love","English             "
512,"League Hellfighters","English             "
513,"Leathernecks Dwarfs","English             "
514,"Lebowski Soldiers","English             "
515,"Legally Secretary","English             "
516,"Legend Jedi","English             "
517,"Lesson Cleopatra","English             "
518,"Liaisons Sweet","English             "
519,"Liberty Magnificent","English             "
520,"License Weekend","English             "
521,"Lies Treatment","English             "
522,"Life Twisted","English             "
523,"Lights Deer","English             "
560,"Mars Roman","English             "
524,"Lion Uncut","English             "
525,"Loathing Legally","English             "
526,"Lock Rear","English             "
527,"Lola Agent","English             "
528,"Lolita World","English             "
529,"Lonely Elephant","English             "
530,"Lord Arizona","English             "
531,"Lose Inch","English             "
532,"Loser Hustler","English             "
533,"Lost Bird","English             "
534,"Louisiana Harry","English             "
535,"Love Suicides","English             "
536,"Lovely Jingle","English             "
537,"Lover Truman","English             "
538,"Loverboy Attacks","English             "
539,"Luck Opus","English             "
540,"Lucky Flying","English             "
541,"Luke Mummy","English             "
561,"Mask Peach","English             "
542,"Lust Lock","English             "
543,"Madigan Dorado","English             "
544,"Madison Trap","English             "
545,"Madness Attacks","English             "
546,"Madre Gables","English             "
547,"Magic Mallrats","English             "
548,"Magnificent Chitty","English             "
549,"Magnolia Forrester","English             "
550,"Maguire Apache","English             "
551,"Maiden Home","English             "
552,"Majestic Floats","English             "
553,"Maker Gables","English             "
554,"Malkovich Pet","English             "
555,"Mallrats United","English             "
556,"Maltese Hope","English             "
557,"Manchurian Curtain","English             "
558,"Mannequin Worst","English             "
559,"Married Go","English             "
562,"Masked Bubble","English             "
563,"Massacre Usual","English             "
564,"Massage Image","English             "
565,"Matrix Snowman","English             "
566,"Maude Mod","English             "
567,"Meet Chocolate","English             "
568,"Memento Zoolander","English             "
569,"Menagerie Rushmore","English             "
570,"Mermaid Insects","English             "
571,"Metal Armageddon","English             "
572,"Metropolis Coma","English             "
573,"Microcosmos Paradise","English             "
574,"Midnight Westward","English             "
575,"Midsummer Groundhog","English             "
576,"Mighty Luck","English             "
577,"Mile Mulan","English             "
578,"Million Ace","English             "
579,"Minds Truman","English             "
580,"Mine Titans","English             "
581,"Minority Kiss","English             "
582,"Miracle Virtual","English             "
583,"Mission Zoolander","English             "
584,"Mixed Doors","English             "
585,"Mob Duffel","English             "
586,"Mockingbird Hollywood","English             "
587,"Mod Secretary","English             "
588,"Model Fish","English             "
589,"Modern Dorado","English             "
590,"Money Harold","English             "
591,"Monsoon Cause","English             "
592,"Monster Spartacus","English             "
593,"Monterey Labyrinth","English             "
594,"Montezuma Command","English             "
595,"Moon Bunch","English             "
596,"Moonshine Cabin","English             "
597,"Moonwalker Fool","English             "
598,"Mosquito Armageddon","English             "
599,"Mother Oleander","English             "
600,"Motions Details","English             "
601,"Moulin Wake","English             "
602,"Mourning Purple","English             "
603,"Movie Shakespeare","English             "
604,"Mulan Moon","English             "
605,"Mulholland Beast","English             "
606,"Mummy Creatures","English             "
607,"Muppet Mile","English             "
608,"Murder Antitrust","English             "
609,"Muscle Bright","English             "
610,"Music Boondock","English             "
611,"Musketeers Wait","English             "
612,"Mussolini Spoilers","English             "
613,"Mystic Truman","English             "
614,"Name Detective","English             "
615,"Nash Chocolat","English             "
616,"National Story","English             "
617,"Natural Stock","English             "
618,"Necklace Outbreak","English             "
619,"Neighbors Charade","English             "
620,"Nemo Campus","English             "
621,"Network Peak","English             "
622,"Newsies Story","English             "
623,"Newton Labyrinth","English             "
624,"Nightmare Chill","English             "
625,"None Spiking","English             "
626,"Noon Papi","English             "
627,"North Tequila","English             "
628,"Northwest Polish","English             "
629,"Notorious Reunion","English             "
630,"Notting Speakeasy","English             "
631,"Novocaine Flight","English             "
632,"Nuts Ties","English             "
633,"October Submarine","English             "
634,"Odds Boogie","English             "
635,"Oklahoma Jumanji","English             "
636,"Oleander Clue","English             "
637,"Open African","English             "
638,"Operation Operation","English             "
639,"Opposite Necklace","English             "
640,"Opus Ice","English             "
641,"Orange Grapes","English             "
642,"Order Betrayed","English             "
643,"Orient Closer","English             "
644,"Oscar Gold","English             "
645,"Others Soup","English             "
646,"Outbreak Divine","English             "
647,"Outfield Massacre","English             "
648,"Outlaw Hanky","English             "
649,"Oz Liaisons","English             "
650,"Pacific Amistad","English             "
651,"Packer Madigan","English             "
652,"Pajama Jawbreaker","English             "
653,"Panic Club","English             "
654,"Panky Submarine","English             "
655,"Panther Reds","English             "
656,"Papi Necklace","English             "
657,"Paradise Sabrina","English             "
658,"Paris Weekend","English             "
659,"Park Citizen","English             "
660,"Party Knock","English             "
661,"Past Suicides","English             "
662,"Paths Control","English             "
663,"Patient Sister","English             "
664,"Patriot Roman","English             "
665,"Patton Interview","English             "
666,"Paycheck Wait","English             "
667,"Peach Innocent","English             "
668,"Peak Forever","English             "
669,"Pearl Destiny","English             "
670,"Pelican Comforts","English             "
671,"Perdition Fargo","English             "
672,"Perfect Groove","English             "
673,"Personal Ladybugs","English             "
674,"Pet Haunting","English             "
675,"Phantom Glory","English             "
676,"Philadelphia Wife","English             "
677,"Pianist Outfield","English             "
678,"Pickup Driving","English             "
679,"Pilot Hoosiers","English             "
680,"Pinocchio Simon","English             "
681,"Pirates Roxanne","English             "
682,"Pittsburgh Hunchback","English             "
683,"Pity Bound","English             "
684,"Pizza Jumanji","English             "
685,"Platoon Instinct","English             "
686,"Pluto Oleander","English             "
687,"Pocus Pulp","English             "
688,"Polish Brooklyn","English             "
689,"Pollock Deliverance","English             "
690,"Pond Seattle","English             "
691,"Poseidon Forever","English             "
692,"Potluck Mixed","English             "
693,"Potter Connecticut","English             "
694,"Prejudice Oleander","English             "
695,"President Bang","English             "
696,"Pride Alamo","English             "
697,"Primary Glass","English             "
698,"Princess Giant","English             "
699,"Private Drop","English             "
700,"Prix Undefeated","English             "
701,"Psycho Shrunk","English             "
702,"Pulp Beverly","English             "
703,"Punk Divorce","English             "
704,"Pure Runner","English             "
705,"Purple Movie","English             "
706,"Queen Luke","English             "
707,"Quest Mussolini","English             "
708,"Quills Bull","English             "
709,"Racer Egg","English             "
710,"Rage Games","English             "
711,"Raging Airplane","English             "
712,"Raiders Antitrust","English             "
713,"Rainbow Shock","English             "
714,"Random Go","English             "
715,"Range Moonwalker","English             "
716,"Reap Unfaithful","English             "
717,"Rear Trading","English             "
718,"Rebel Airport","English             "
719,"Records Zorro","English             "
720,"Redemption Comforts","English             "
721,"Reds Pocus","English             "
722,"Reef Salute","English             "
723,"Reign Gentlemen","English             "
724,"Remember Diary","English             "
725,"Requiem Tycoon","English             "
726,"Reservoir Adaptation","English             "
727,"Resurrection Silverado","English             "
728,"Reunion Witches","English             "
729,"Rider Caddyshack","English             "
730,"Ridgemont Submarine","English             "
731,"Right Cranes","English             "
732,"Rings Heartbreakers","English             "
733,"River Outlaw","English             "
734,"Road Roxanne","English             "
735,"Robbers Joon","English             "
736,"Robbery Bright","English             "
737,"Rock Instinct","English             "
738,"Rocketeer Mother","English             "
739,"Rocky War","English             "
740,"Rollercoaster Bringing","English             "
741,"Roman Punk","English             "
742,"Roof Champion","English             "
743,"Room Roman","English             "
744,"Roots Remember","English             "
745,"Roses Treasure","English             "
746,"Rouge Squad","English             "
747,"Roxanne Rebel","English             "
748,"Rugrats Shakespeare","English             "
749,"Rules Human","English             "
750,"Run Pacific","English             "
751,"Runaway Tenenbaums","English             "
752,"Runner Madigan","English             "
754,"Rushmore Mermaid","English             "
755,"Sabrina Midnight","English             "
756,"Saddle Antitrust","English             "
757,"Sagebrush Clueless","English             "
758,"Saints Bride","English             "
759,"Salute Apollo","English             "
760,"Samurai Lion","English             "
761,"Santa Paris","English             "
762,"Sassy Packer","English             "
763,"Satisfaction Confidential","English             "
764,"Saturday Lambs","English             "
765,"Saturn Name","English             "
766,"Savannah Town","English             "
767,"Scalawag Duck","English             "
768,"Scarface Bang","English             "
769,"School Jacket","English             "
770,"Scissorhands Slums","English             "
788,"Ship Wonderland","English             "
771,"Scorpion Apollo","English             "
772,"Sea Virgin","English             "
773,"Seabiscuit Punk","English             "
774,"Searchers Wait","English             "
775,"Seattle Expecations","English             "
776,"Secret Groundhog","English             "
777,"Secretary Rouge","English             "
778,"Secrets Paradise","English             "
779,"Sense Greek","English             "
780,"Sensibility Rear","English             "
781,"Seven Swarm","English             "
782,"Shakespeare Saddle","English             "
783,"Shane Darkness","English             "
784,"Shanghai Tycoon","English             "
785,"Shawshank Bubble","English             "
786,"Shepherd Midsummer","English             "
787,"Shining Roses","English             "
789,"Shock Cabin","English             "
790,"Shootist Superfly","English             "
791,"Show Lord","English             "
792,"Shrek License","English             "
793,"Shrunk Divine","English             "
794,"Side Ark","English             "
795,"Siege Madre","English             "
796,"Sierra Divide","English             "
797,"Silence Kane","English             "
798,"Silverado Goldfinger","English             "
799,"Simon North","English             "
800,"Sinners Atlantis","English             "
801,"Sister Freddy","English             "
802,"Sky Miracle","English             "
803,"Slacker Liaisons","English             "
804,"Sleeping Suspects","English             "
805,"Sleepless Monsoon","English             "
806,"Sleepy Japanese","English             "
807,"Sleuth Orient","English             "
808,"Sling Luke","English             "
809,"Slipper Fidelity","English             "
810,"Slums Duck","English             "
811,"Smile Earring","English             "
812,"Smoking Barbarella","English             "
813,"Smoochy Control","English             "
814,"Snatch Slipper","English             "
815,"Snatchers Montezuma","English             "
816,"Snowman Rollercoaster","English             "
817,"Soldiers Evolution","English             "
818,"Something Duck","English             "
819,"Song Hedwig","English             "
820,"Sons Interview","English             "
821,"Sorority Queen","English             "
822,"Soup Wisdom","English             "
823,"South Wait","English             "
824,"Spartacus Cheaper","English             "
825,"Speakeasy Date","English             "
826,"Speed Suit","English             "
827,"Spice Sorority","English             "
828,"Spiking Element","English             "
829,"Spinal Rocky","English             "
830,"Spirit Flintstones","English             "
831,"Spirited Casualties","English             "
832,"Splash Gump","English             "
833,"Splendor Patton","English             "
834,"Spoilers Hellfighters","English             "
835,"Spy Mile","English             "
836,"Squad Fish","English             "
837,"Stage World","English             "
838,"Stagecoach Armageddon","English             "
839,"Stallion Sundance","English             "
840,"Stampede Disturbing","English             "
841,"Star Operation","English             "
842,"State Wasteland","English             "
843,"Steel Santa","English             "
844,"Steers Armageddon","English             "
845,"Stepmom Dream","English             "
846,"Sting Personal","English             "
847,"Stock Glass","English             "
848,"Stone Fire","English             "
849,"Storm Happiness","English             "
850,"Story Side","English             "
851,"Straight Hours","English             "
852,"Strangelove Desire","English             "
853,"Stranger Strangers","English             "
890,"Tights Dawn","English             "
854,"Strangers Graffiti","English             "
855,"Streak Ridgemont","English             "
856,"Streetcar Intentions","English             "
857,"Strictly Scarface","English             "
858,"Submarine Bed","English             "
859,"Sugar Wonka","English             "
860,"Suicides Silence","English             "
861,"Suit Walls","English             "
862,"Summer Scarface","English             "
863,"Sun Confessions","English             "
864,"Sundance Invasion","English             "
865,"Sunrise League","English             "
866,"Sunset Racer","English             "
867,"Super Wyoming","English             "
868,"Superfly Trip","English             "
869,"Suspects Quills","English             "
870,"Swarm Gold","English             "
871,"Sweden Shining","English             "
891,"Timberland Sky","English             "
872,"Sweet Brotherhood","English             "
873,"Sweethearts Suspects","English             "
874,"Tadpole Park","English             "
875,"Talented Homicide","English             "
876,"Tarzan Videotape","English             "
877,"Taxi Kick","English             "
878,"Teen Apollo","English             "
879,"Telegraph Voyage","English             "
880,"Telemark Heartbreakers","English             "
881,"Temple Attraction","English             "
882,"Tenenbaums Command","English             "
883,"Tequila Past","English             "
884,"Terminator Club","English             "
885,"Texas Watch","English             "
886,"Theory Mermaid","English             "
887,"Thief Pelican","English             "
888,"Thin Sagebrush","English             "
889,"Ties Hunger","English             "
892,"Titanic Boondock","English             "
893,"Titans Jerk","English             "
894,"Tomatoes Hellfighters","English             "
895,"Tomorrow Hustler","English             "
896,"Tootsie Pilot","English             "
897,"Torque Bound","English             "
898,"Tourist Pelican","English             "
899,"Towers Hurricane","English             "
900,"Town Ark","English             "
901,"Tracy Cider","English             "
902,"Trading Pinocchio","English             "
903,"Traffic Hobbit","English             "
904,"Train Bunch","English             "
905,"Trainspotting Strangers","English             "
906,"Tramp Others","English             "
907,"Translation Summer","English             "
908,"Trap Guys","English             "
909,"Treasure Command","English             "
910,"Treatment Jekyll","English             "
911,"Trip Newton","English             "
912,"Trojan Tomorrow","English             "
913,"Troopers Metal","English             "
914,"Trouble Date","English             "
915,"Truman Crazy","English             "
916,"Turn Star","English             "
917,"Tuxedo Mile","English             "
918,"Twisted Pirates","English             "
919,"Tycoon Gathering","English             "
920,"Unbreakable Karate","English             "
921,"Uncut Suicides","English             "
922,"Undefeated Dalmations","English             "
923,"Unfaithful Kill","English             "
924,"Unforgiven Zoolander","English             "
925,"United Pilot","English             "
926,"Untouchables Sunrise","English             "
927,"Uprising Uptown","English             "
928,"Uptown Young","English             "
929,"Usual Untouchables","English             "
930,"Vacation Boondock","English             "
931,"Valentine Vanishing","English             "
932,"Valley Packer","English             "
933,"Vampire Whale","English             "
934,"Vanilla Day","English             "
935,"Vanished Garden","English             "
936,"Vanishing Rocky","English             "
937,"Varsity Trip","English             "
938,"Velvet Terminator","English             "
939,"Vertigo Northwest","English             "
940,"Victory Academy","English             "
941,"Videotape Arsenic","English             "
942,"Vietnam Smoochy","English             "
943,"Villain Desperate","English             "
944,"Virgin Daisy","English             "
945,"Virginian Pluto","English             "
946,"Virtual Spoilers","English             "
947,"Vision Torque","English             "
948,"Voice Peach","English             "
949,"Volcano Texas","English             "
950,"Volume House","English             "
951,"Voyage Legally","English             "
952,"Wagon Jaws","English             "
953,"Wait Cider","English             "
954,"Wake Jaws","English             "
955,"Walls Artist","English             "
956,"Wanda Chamber","English             "
957,"War Notting","English             "
958,"Wardrobe Phantom","English             "
959,"Warlock Werewolf","English             "
960,"Wars Pluto","English             "
961,"Wash Heavenly","English             "
962,"Wasteland Divine","English             "
963,"Watch Tracy","English             "
964,"Waterfront Deliverance","English             "
965,"Watership Frontier","English             "
966,"Wedding Apollo","English             "
967,"Weekend Personal","English             "
968,"Werewolf Lola","English             "
969,"West Lion","English             "
970,"Westward Seabiscuit","English             "
971,"Whale Bikini","English             "
972,"Whisperer Giant","English             "
973,"Wife Turn","English             "
974,"Wild Apollo","English             "
975,"Willow Tracy","English             "
976,"Wind Phantom","English             "
977,"Window Side","English             "
978,"Wisdom Worker","English             "
979,"Witches Panic","English             "
980,"Wizard Coldblooded","English             "
981,"Wolves Desire","English             "
982,"Women Dorado","English             "
983,"Won Dares","English             "
984,"Wonderful Drop","English             "
985,"Wonderland Christmas","English             "
986,"Wonka Sea","English             "
987,"Words Hunter","English             "
988,"Worker Tarzan","English             "
989,"Working Microcosmos","English             "
990,"World Leathernecks","English             "
991,"Worst Banger","English             "
992,"Wrath Mile","English             "
993,"Wrong Behavior","English             "
994,"Wyoming Storm","English             "
995,"Yentl Idaho","English             "
996,"Young Language","English             "
997,"Youth Kick","English             "
998,"Zhivago Core","English             "
999,"Zoolander Fiction","English             "
1000,"Zorro Ark","English             "
